path	class	prep2_blob	eq_prep1	eq_S3_5c7b	eq_S2_d5cd	eq_base_c23b
.dockerignore	S1S2_PRESERVED	a0f1939d1fe7af95774a97d778a4614db0221176	y	n	y	n
.github/r75-policy.json	S3_PRESERVED	fc51e1f5f90a13222f0d3785c81cd314fa7a82a2	y	y	n	n
.github/workflows/ci.yml	AUTO_MERGED	85415cdcc2751d5c767cf1bb4cd6d8e07ea12672	y	n	n	n
.github/workflows/codeql.yml	S1S2_PRESERVED	c1831811995ff1251442c5287a3c1121dbcbcde6	y	n	y	n
.github/workflows/danger.yml	S3_PRESERVED	36f5b827b92625c74dcab54b81d7d168f2edbaf4	y	y	n	n
.github/workflows/dependency-audit.yml	S3_PRESERVED	d9c0ddf1be8185228aed4f9dc7307dc705e05e4e	y	y	n	n
.github/workflows/fly-db-secrets-set.yml	S1S2_PRESERVED	1dd670c921d1c5f948da04330e2cb518e91b4992	y	n	y	n
.github/workflows/fly-deploy.yml	S1S2_PRESERVED	3c428534742e1a9693179a8a24dfad1357e89565	y	n	y	n
.github/workflows/fly-feature-flags-set.yml	S1S2_PRESERVED	9d7522c4628d07c1bd421747c7fee393feb30f76	y	n	y	n
.github/workflows/fly-launch-env-set.yml	S1S2_PRESERVED	f30f6b862cf211c35ba070847983e7b591282abd	y	n	y	n
.github/workflows/fly-logs-dump.yml	S1S2_PRESERVED	absent	y	n	y	n
.github/workflows/fly-logs.yml	S1S2_PRESERVED	4eda124bc4b20805fcee395d85cf25f30468bbb3	y	n	y	n
.github/workflows/fly-recent-auth-set.yml	S1S2_PRESERVED	6f1f8d0044365057fab1852ab5d34f455f81cf6d	y	n	y	n
.github/workflows/fly-secrets-list.yml	S1S2_PRESERVED	e18f697a746d501503900949a6a8c6eba2e4097c	y	n	y	n
.github/workflows/fly-secrets-set.yml	S1S2_PRESERVED	6442c57624149be977dc67be8e21826abb6f7816	y	n	y	n
.github/workflows/r100-quality-gate.yml	RESOLVED_PREP1	0ad6eb8b2efabebf42e9c75ac79e4d551e2074b7	y	n	n	n
.github/workflows/sbom.yml	S1S2_PRESERVED	916d2a456b42cc5dcb61cdcae4351e4330fce499	y	n	y	n
Dockerfile	S1S2_PRESERVED	2d66a1934d3bd5ce668c76764956a6d68b5f4f9b	y	n	y	n
docs/delivery-controls.md	S1S2_PRESERVED	137d75509b6f21dd4368be1f39ebc0584a3a5266	y	n	y	n
docs/dependencies/2026-09-op81-dependency-repair.md	S3_PRESERVED	03ee1d1dbc396ecea396c17a9efde560f7426e42	y	y	n	n
docs/deploy-runbook.md	S1S2_PRESERVED	90ab9352c410a0ec35d7dda74055bd17974072cb	y	n	y	n
eslint.config.js	S3_PRESERVED	78aa2b6450d046ab551523f6bba9f18f175126f6	y	y	n	n
fly.toml	S3_PRESERVED	134470f7b517d55da58ebcb367e4aaca8186bf91	y	y	n	n
lefthook.yml	S3_PRESERVED	54d037490460fcddf2523ce05801bae9860489ff	y	y	n	n
package-lock.json	S3_PRESERVED	354de3dae19449970497da6e4d87f0a1225a8f43	y	y	n	n
package.json	S3_PRESERVED	656d11a20c6abee819a0b04e9f04c0b66c0a05ef	y	y	n	n
prisma/migrations/20261224000000_rls_close_public_exposure/down.sql	S1S2_PRESERVED	b1990b02fb63f00c00fa57d7c8f517b52b1d2dc2	y	n	y	n
prisma/migrations/20261224000000_rls_close_public_exposure/migration.sql	S1S2_PRESERVED	586ffad41d832bbcbb93379c217d1e8dd5b6b005	y	n	y	n
prisma/migrations/20261224000000_rls_close_public_exposure/verify.sql	S1S2_PRESERVED	11836f0c4ae4361feb75ef3554e0ac504f5fb267	y	n	y	n
scripts/check-r75.js	S3_PRESERVED	bf05288ac95c3396e2e102ab3d96ab53e20532ff	y	y	n	n
scripts/ci/assert-prod-sbom.sh	S1S2_PRESERVED	d69a3ef4deb1ad9c977315755479d1ab2449a0ef	y	n	y	n
scripts/ci/filter-machines.sh	S1S2_PRESERVED	5f57e074a5fcbe488edb35730f24d7b7f407af12	y	n	y	n
scripts/ci/migration-delta.sh	S1S2_PRESERVED	e3c9b81ab3cdd288f71eac624166fdf492b63db0	y	n	y	n
scripts/ci/release-evidence-gate.sh	S1S2_PRESERVED	f5f8f3ad218838e40cf76b5caae9f63e1ced65a3	y	n	y	n
scripts/ci/verify-fly-release.sh	S1S2_PRESERVED	f18bcbad80e279c591d1e68bc5e0f940e5696763	y	n	y	n
scripts/release-required-verifiers.txt	S1S2_PRESERVED	bfc2c5fe50a4a6ea65e7a04c35fd4e8061f3586d	y	n	y	n
scripts/release.sh	S1S2_PRESERVED	c86b3ab961cb0569369d28e95278be4aa9669d03	y	n	y	n
scripts/setup-branch-protection.sh	S1S2_PRESERVED	3deb5cd5a314f4a66ae53becec919bbd71c9f911	y	n	y	n
src/common/cache-control.interceptor.ts	S3_PRESERVED	9a996b175a66a13226f9a8b551fddd215ce3aded	y	y	n	n
src/filters/http-exception.filter.ts	S3_PRESERVED	a8c3705f83164722556886702984daad07c6a809	y	y	n	n
src/filters/throttler-exception.filter.ts	FORMATTED_S3_PREP2	f59584d9914b52340905211c63ff7249fbb821a6	n	n	n	n
src/health/health.controller.ts	S3_PRESERVED	0d73bd317a73ea028c606bef03a5619d2b35c3e8	y	y	n	n
src/main.ts	S3_PRESERVED	a4b39716ca336e4791f6ab6ef262e1e05f30ab22	y	y	n	n
src/observability/README.md	FORMATTED_S3_PREP2	8440664f58c056162adb9008a158460f229da578	n	n	n	n
src/observability/logging.interceptor.ts	FORMATTED_S3_PREP2	d5c60dfba2b6abd5cac4ede0eeb013446b83b9e7	n	n	n	n
src/observability/orm-diagnostics.ts	S3_PRESERVED	d952f40260f203518d3a98bff963d8d8fecd6f3f	y	y	n	n
src/observability/process-errors.ts	S3_PRESERVED	b8b4f972d00edffb776f5afb7301e1f987c6b6ff	y	y	n	n
src/observability/sentry-config.ts	S3_PRESERVED	cd63e4f00f356f7854e458ff6c67a53cab539b82	y	y	n	n
src/prisma.service.ts	FORMATTED_S3_PREP2	af24f743784bca111b825981b80d2aa25d81486f	n	n	n	n
src/scout/scout.service.spec.ts	S3_PRESERVED	961df38b38b48e4c01187a24884c7247a1c50ccc	y	y	n	n
src/scout/scout.service.ts	FORMATTED_S3_PREP2	acd38f2d3f44b003f4b2c08e4956b9a081f16c2e	n	n	n	n
test/ci/delivery-artifact.spec.ts	S1S2_PRESERVED	b85412cba5b278fa04e62db4a1b78061e9e0044e	y	n	y	n
test/ci/dependency-audit.spec.ts	S3_PRESERVED	a3b282574e048ac596aa3b2db2ef4a9ad07347a0	y	y	n	n
test/ci/fixtures/dependency-audit-cases.json	S3_PRESERVED	b320821eb02f816ce64a5edb9ce63de227530042	y	y	n	n
test/ci/fixtures/fake-gh.sh	S1S2_PRESERVED	109580216966a9630ad8471dc61a3daf326bcfa9	y	n	y	n
test/ci/fixtures/gate-lockfile.json	S1S2_PRESERVED	01f82db29fab7532973c34d8dbe903ad789b0b13	y	n	y	n
test/ci/fixtures/r75-boundaries.json	S3_PRESERVED	da8f8504356e25f81959d6eb8d0dd4f651b37317	y	y	n	n
test/ci/fixtures/r75-cases.json	S3_PRESERVED	4aa1cf47395c0700e4178f72c01f915b97c97661	y	y	n	n
test/ci/fly-readiness.spec.ts	S3_PRESERVED	3af6362885069eaf8fb13f61003aa3740d7a357c	y	y	n	n
test/ci/r100-pathspec.spec.ts	RESOLVED_PREP1	be6676d6469ee3602a004cadf4a12b036ea6f9e2	y	n	n	n
test/ci/r75-boundaries.spec.ts	S3_PRESERVED	baf74d64133b000c75908ba8e90e187e3918c3df	y	y	n	n
test/ci/r75-enforcement.spec.ts	S3_PRESERVED	cac55aac2f77087778b2555b0d5b5d16abba1ec6	y	y	n	n
test/ci/r75-gate.spec.ts	RESOLVED_PREP1	04190bd6115d6760d76415cd167563fbb14adde1	y	n	n	n
test/ci/r75-wiring.spec.ts	S3_PRESERVED	31b5dfba6d65457f6eef4748723718506098f8c5	y	y	n	n
test/ci/release-evidence-gate.spec.ts	S1S2_PRESERVED	20da0a904b3b4aebaa1288d95fa7fd419d0c1c3a	y	n	y	n
test/db/_support/s1-target-guard.sh	S1S2_PRESERVED	81e305493796a2d8fede288abce1c260afb61020	y	n	y	n
test/db/_support/s1-truncate-controls.sh	S1S2_PRESERVED	a07e4f8aa1d58a2572ae21e99b4a2352573b576b	y	n	y	n
test/db/_support/supabase-like-bootstrap.sql	S1S2_PRESERVED	3bf835115ad540fde27a8ec6c04a7e4262150754	y	n	y	n
test/db/s1-harness-guard.spec.sh	S1S2_PRESERVED	9f73e939fd18e3b2f65551ac2d59cc0965e07424	y	n	y	n
test/db/s1-r4-truncate-discriminator.sh	S1S2_PRESERVED	ded586052ee4f90e4cb0c0028bc370dcfae45f74	y	n	y	n
test/db/s1-r4-truncate-message-spec.sh	S1S2_PRESERVED	9686f097cf1c27baeed5ecf9a86a08fddf9d163a	y	n	y	n
test/db/s1-rls-close-public-exposure.sh	S1S2_PRESERVED	01b7669a8673c9dc3c08f76c24473ff7a51132ec	y	n	y	n
test/dependency-compatibility.spec.ts	S3_PRESERVED	47d2a2cd06f2c048da8adbd46f77d822ce035092	y	y	n	n
test/health-readiness-bounded.spec.ts	FORMATTED_S3_PREP2	a8885dfd5b3dd4c9b7fa378c5147dbd68750a2bd	n	n	n	n
test/health-readiness-public.spec.ts	S3_PRESERVED	f7ac2b9eac39ff5a1f0d219d7da10c838a8c89bd	y	y	n	n
test/health.controller.spec.ts	S3_PRESERVED	ea6ae08adadc1e5493ed1ff3e687d188cf556011	y	y	n	n
test/observability/fixtures/sentry-incoming-request.cjs	S3_PRESERVED	5b2c8893182d8dc91eb89b54d1e61c9d1e8db00d	y	y	n	n
test/observability/orm-composed-http.spec.ts	S3_PRESERVED	00f9de1079e336da8d1fcd0ff9fc415f2275cdd2	y	y	n	n
test/observability/sentry-config.spec.ts	S3_PRESERVED	0e01d82092caf0cedb382b9b011bfb21079f5eee	y	y	n	n
test/observability/sentry-incoming-request.spec.ts	S3_PRESERVED	23729916a03a96e4d84015962a5e3c2b068fba91	y	y	n	n
test/release/s1s2-composition.sh	S1S2_PRESERVED	38b70f548974fcb88c24c5d5d35147ce091f11b0	y	n	y	n
test/scout/diagnostics-public-harness.ts	S3_PRESERVED	c0cd655fe09ac20c36430fe1c00b328b4dc0dbd6	y	y	n	n
test/scout/scout-diagnostics-boundary.spec.ts	S3_PRESERVED	7112fea32821f393dbae45bbf93af2b38279a782	y	y	n	n
test/scout/scout-diagnostics-public-cause.spec.ts	S3_PRESERVED	2b7b9dc790ab194a932b43be81c562546cb09ce9	y	y	n	n
test/scout/scout-diagnostics-public.spec.ts	S3_PRESERVED	fb39b02a8dea830e6ff65882a2dffe89d6f24835	y	y	n	n
test/scout/scout-diagnostics.integrity.spec.ts	S3_PRESERVED	0aeb863009e8278a07f7571561fae812d6c5e89a	y	y	n	n
