ExerciseCatalogItem	id	text
ExerciseCatalogItem	slug	text
ExerciseCatalogItem	name	text
ExerciseCatalogItem	category	text
ExerciseCatalogItem	primary_muscle	text
ExerciseCatalogItem	updated_at	timestamp without time zone
ScoutImport	id	text
ScoutImport	coach_id	text
ScoutImport	intent_id	text
ScoutIngestEntity	id	text
ScoutIngestEntity	coach_id	text
ScoutIngestEntity	intent_id	text
ScoutIngestEntity	entity_type	text
ScoutIngestEntity	source_id	text
ScoutIngestEntity	source_platform	text
ScoutIngestEntity	payload	jsonb
ScoutReconstructionLedger	id	text
ScoutReconstructionLedger	coach_id	text
ScoutReconstructionLedger	intent_id	text
ScoutReconstructionLedger	entity_type	text
ScoutReconstructionLedger	source_id	text
ScoutReconstructionLedger	status	text
ScoutReconstructionLedger	source_platform	text
User	id	text
User	supabase_id	text
User	email	text
User	name	text
