AICallLog	id	text
AICallLog	model	text
AICallLog	tokensIn	integer
AICallLog	tokensOut	integer
AICallLog	costCents	integer
AICallLog	latencyMs	integer
AICallLog	success	boolean
AICallLog	capability	text
AIDraft	id	text
AIDraft	coachId	text
AIDraft	clientId	text
AIDraft	type	USER-DEFINED
AIDraft	inputContext	jsonb
AIDraft	modelUsed	text
AIDraft	promptVersion	text
AIDraft	generatedPayload	jsonb
AIDraft	updatedAt	timestamp without time zone
ActivityEvent	id	text
ActivityEvent	type	text
AiActionDraft	id	text
AiActionDraft	capability	text
AiActionDraft	payload	jsonb
AiRequestAudit	id	text
AiRequestAudit	request_id	text
AiRequestAudit	capability	text
AiRequestAudit	provider	text
AiRoadmap	id	text
AiRoadmap	submission_id	text
Applicant	id	text
Applicant	user_id	text
Applicant	email	text
Applicant	first_name	text
Applicant	last_name	text
Applicant	updated_at	timestamp without time zone
Application	id	text
Application	listing_id	text
Application	applicant_id	text
Application	applicant_user_id	text
Application	hirer_id	text
Application	updated_at	timestamp without time zone
AuditLog	id	text
AuditLog	action	text
BloodworkAttachment	id	text
BloodworkAttachment	panel_id	text
BloodworkPanel	id	text
BloodworkPanel	client_id	text
BloodworkPanel	collection_date	timestamp without time zone
BloodworkResult	id	text
BloodworkResult	panel_id	text
BloodworkResult	marker_name	text
BuildWeekDay	id	text
BuildWeekDay	day_number	integer
BuildWeekDay	title	text
BuildWeekDay	focus_area	text
BuildWeekDay	narrative	text
BuildWeekDay	prompt_questions	jsonb
BuildWeekDay	action_items	jsonb
BuildWeekDay	expected_artifact	text
BuildWeekDayCompletion	id	text
BuildWeekDayCompletion	enrollment_id	text
BuildWeekDayCompletion	day_number	integer
BuildWeekDayCompletion	responses	jsonb
BuildWeekEnrollment	id	text
BuildWeekEnrollment	user_id	text
CalendarConnection	id	text
CalendarConnection	user_id	text
CalendarConnection	provider	USER-DEFINED
ChargeDispute	id	text
ChargeDispute	purchase_id	text
ChargeDispute	stripe_dispute_id	text
ChargeDispute	stripe_charge_id	text
ChargeDispute	amount_cents	integer
ChargeDispute	updated_at	timestamp without time zone
ChargeRefund	id	text
ChargeRefund	purchase_id	text
ChargeRefund	stripe_refund_id	text
ChargeRefund	stripe_charge_id	text
ChargeRefund	amount_cents	integer
ChargeRefund	updated_at	timestamp without time zone
CheckIn	id	text
CheckIn	user_id	text
CheckIn	date	date
CheckIn	soreness	integer
ChurnIntervention	id	text
ChurnIntervention	coach_id	text
ChurnIntervention	client_id	text
ChurnIntervention	draft_text	text
ChurnIntervention	idempotency_key	text
ClientAssetGrant	id	text
ClientAssetGrant	client_id	text
ClientAssetGrant	media_asset_id	text
ClientCoachConsent	id	text
ClientCoachConsent	client_id	text
ClientCoachConsent	coach_id	text
ClientCoachConsent	scope	text
ClientOutcome	id	text
ClientOutcome	user_id	text
ClientOutcome	outcome_type	USER-DEFINED
ClientPurchase	id	text
ClientPurchase	client_user_id	text
ClientPurchase	coach_user_id	text
ClientPurchase	package_id	text
ClientPurchase	amount_cents	integer
ClientPurchase	stripe_checkout_session_id	text
ClientPurchase	idempotency_key	text
ClientPurchase	updated_at	timestamp without time zone
ClientSignal	id	text
ClientSignal	user_id	text
ClientSignal	signal_type	USER-DEFINED
ClientWorkoutAssignment	id	text
ClientWorkoutAssignment	workout_plan_id	text
ClientWorkoutAssignment	client_id	text
ClientWorkoutAssignment	assigned_by_coach_id	text
ClientWorkoutAssignment	scheduled_for	timestamp without time zone
ClientWorkoutAssignmentSnapshot	id	text
ClientWorkoutAssignmentSnapshot	assignment_id	text
ClientWorkoutAssignmentSnapshot	plan_name	text
ClientWorkoutAssignmentSnapshot	plan_type	USER-DEFINED
ClientWorkoutAssignmentSnapshot	exercises_json	jsonb
ClientWorkoutAssignmentSnapshot	source_plan_id	text
ClientWorkoutAssignmentSnapshot	source_version	integer
CoachAIBudget	id	text
CoachAIBudget	coach_user_id	text
CoachAIBudget	period_start	timestamp without time zone
CoachAIBudget	period_end	timestamp without time zone
CoachAIBudget	updated_at	timestamp without time zone
CoachAlert	id	text
CoachAlert	coach_id	text
CoachAlert	client_id	text
CoachAlert	alert_type	text
CoachAlert	message	text
CoachAvailability	id	text
CoachAvailability	coach_id	text
CoachAvailability	day_of_week	integer
CoachAvailability	start_minute	integer
CoachAvailability	end_minute	integer
CoachAvailabilityOverride	id	text
CoachAvailabilityOverride	coach_id	text
CoachAvailabilityOverride	date	date
CoachAvailabilityOverride	kind	text
CoachBrief	id	text
CoachBrief	coach_id	text
CoachBrief	brief_date	text
CoachBriefPreferences	id	text
CoachBriefPreferences	coach_id	text
CoachBriefPushLedger	id	text
CoachBriefPushLedger	coach_id	text
CoachCreditPackPurchase	id	text
CoachCreditPackPurchase	coach_user_id	text
CoachCreditPackPurchase	budget_id	text
CoachCreditPackPurchase	paid_cents	integer
CoachCreditPackPurchase	actual_credit_cents	integer
CoachCreditPackPurchase	displayed_credit_cents	integer
CoachCreditPackPurchase	status	text
CoachCreditPackPurchase	updated_at	timestamp without time zone
CoachCrmIntegration	id	text
CoachCrmIntegration	coach_id	text
CoachCrmIntegration	provider	USER-DEFINED
CoachCrmIntegration	credentials_encrypted	text
CoachDailyLog	id	text
CoachDailyLog	coach_id	text
CoachDailyLog	log_date	text
CoachDailyLog	content	text
CoachEffectivenessScore	id	text
CoachEffectivenessScore	coach_id	text
CoachEffectivenessScore	score	double precision
CoachEffectivenessScore	bucket	text
CoachGuideline	id	text
CoachGuideline	content	text
CoachGuideline	updated_at	timestamp without time zone
CoachLandingLead	id	text
CoachLandingLead	page_id	text
CoachLandingLead	coach_id	text
CoachLandingLead	email	text
CoachLandingPage	id	text
CoachLandingPage	coach_id	text
CoachLandingPage	slug	text
CoachLandingPage	template	USER-DEFINED
CoachLandingPage	headline	character varying
CoachLandingPage	primary_cta_type	USER-DEFINED
CoachLandingPage	primary_cta_label	character varying
CoachLandingPageSection	id	text
CoachLandingPageSection	page_id	text
CoachLandingPageSection	kind	USER-DEFINED
CoachLandingPageSection	order_index	integer
CoachLandingPageView	id	text
CoachLandingPageView	page_id	text
CoachLandingPageView	ip_hash	text
CoachLandingPageView	ua_hash	text
CoachMediaAsset	id	text
CoachMediaAsset	coach_id	text
CoachMediaAsset	kind	text
CoachMediaAsset	title	text
CoachMediaAsset	storage_key	text
CoachMediaAsset	provider	text
CoachMessage	id	text
CoachNudge	id	text
CoachNudge	title	text
CoachNudge	body	text
CoachOffer	id	text
CoachOffer	head_coach_id	text
CoachOffer	application_id	text
CoachOffer	applicant_user_id	text
CoachOffer	compensation_type	USER-DEFINED
CoachOffer	compensation_terms	jsonb
CoachOffer	client_capacity	integer
CoachOffer	updated_at	timestamp without time zone
CoachOnboardingProgress	id	text
CoachOnboardingProgress	coach_id	text
CoachPackage	id	text
CoachPackage	coach_id	text
CoachPackage	name	text
CoachPackage	amount_cents	integer
CoachPackage	updated_at	timestamp without time zone
CoachPackageContent	id	text
CoachPackageContent	package_id	text
CoachPackageContent	asset_type	text
CoachPackageContent	asset_id	text
CoachPackageContent	cadence_payload	jsonb
CoachPackageContent	updated_at	timestamp without time zone
CoachProfile	id	text
CoachProfile	user_id	text
CoachProfile	invite_code	text
CoachSubscription	id	text
CoachSubscription	coach_id	text
CoachSubscription	updated_at	timestamp without time zone
CoachingSession	id	text
CoachingSession	coach_id	text
CoachingSession	start_at	timestamp without time zone
CoachingSession	end_at	timestamp without time zone
CoachingSession	title	text
CommunityWin	id	text
CommunityWin	user_id	text
CommunityWin	title	text
CommunityWin	description	text
ConnectAccount	id	text
ConnectAccount	coach_user_id	text
ConnectAccount	stripe_account_id	text
ConnectAccount	updated_at	timestamp without time zone
ConnectCustomer	id	text
ConnectCustomer	client_user_id	text
ConnectCustomer	stripe_customer_id	text
ConnectCustomer	updated_at	timestamp without time zone
ConnectTransfer	id	text
ConnectTransfer	purchase_id	text
ConnectTransfer	destination_stripe_account_id	text
ConnectTransfer	amount_cents	integer
ConnectTransfer	idempotency_key	text
ConnectTransfer	updated_at	timestamp without time zone
ContractAuditEvent	id	text
ContractAuditEvent	envelope_id	text
ContractAuditEvent	action	text
ContractEnvelope	id	text
ContractEnvelope	template_id	text
ContractEnvelope	template_version	integer
ContractEnvelope	client_id	text
ContractEnvelope	coach_id	text
ContractTemplate	id	text
ContractTemplate	coach_id	text
ContractTemplate	name	text
ContractTemplate	body_markdown	text
ContractTemplate	dynamic_fields_json	jsonb
ConversationReview	id	text
ConversationReview	coach_id	text
ConversationReview	client_id	text
ConversationReview	updated_at	timestamp without time zone
DailyMealPlan	id	text
DailyMealPlan	coach_id	text
DailyMealPlan	name	text
DailyMealPlanAssignment	id	text
DailyMealPlanAssignment	daily_meal_plan_id	text
DailyMealPlanAssignment	client_id	text
DailyMealPlanAssignment	assigned_by_coach_id	text
DailyMealPlanAssignment	starts_on	date
DailyMealPlanSlot	id	text
DailyMealPlanSlot	daily_meal_plan_id	text
DailyMealPlanSlot	meal_template_id	text
DailyMealPlanSlot	slot_label	text
DataExportRequest	id	text
DataExportRequest	user_id	text
DiagnosticSubmission	id	text
DiagnosticSubmission	email	text
DiagnosticSubmission	answers	jsonb
DiagnosticSubmission	scores	jsonb
DiagnosticSubmission	bucket	jsonb
DripResolverMarker	id	text
DripResolverMarker	purpose	text
DripResolverMarker	purchase_id	text
DripResolverMarker	content_id	text
DripResolverMarker	updated_at	timestamp without time zone
DunningAttempt	id	text
DunningAttempt	dunning_state_id	text
DunningAttempt	step_index	integer
DunningAttempt	kind	text
DunningAttempt	scheduled_for	timestamp without time zone
DunningAttempt	updated_at	timestamp without time zone
DunningState	id	text
DunningState	purchase_id	text
DunningState	updated_at	timestamp without time zone
EmailSendLog	id	text
EmailSendLog	idempotency_key	text
EmailSendLog	template_key	text
EmailSendLog	recipient_email	text
ExerciseCatalogItem	id	text
ExerciseCatalogItem	slug	text
ExerciseCatalogItem	name	text
ExerciseCatalogItem	category	text
ExerciseCatalogItem	primary_muscle	text
ExerciseCatalogItem	updated_at	timestamp without time zone
ExerciseSet	id	text
ExerciseSet	workout_id	text
ExerciseSet	exercise_name	text
ExerciseSet	muscle_group	USER-DEFINED
ExerciseSet	sets_completed	integer
ExtensionPairCode	id	text
ExtensionPairCode	code	text
ExtensionPairCode	coach_id	text
ExtensionPairCode	chosen_platform	text
ExtensionPairCode	expires_at	timestamp without time zone
FastingWindow	id	text
FastingWindow	user_id	text
FastingWindow	start_time	timestamp without time zone
FeePolicy	id	text
FeePolicy	coach_id	text
FeePolicy	updated_at	timestamp without time zone
FoodItem	id	text
FoodItem	name	text
FoodItem	serving_description	text
FoodItem	serving_size_grams	double precision
FoodItem	calories	double precision
FoodItem	protein_g	double precision
FoodItem	carbs_g	double precision
FoodItem	fat_g	double precision
GuestCheckout	id	text
GuestCheckout	package_id	text
GuestCheckout	stripe_payment_intent_id	text
GuestCheckout	guest_email	text
GuestCheckout	guest_name	text
GuestCheckout	idempotency_key	text
GuestCheckout	expires_at	timestamp without time zone
Habit	id	text
Habit	user_id	text
Habit	name	text
HabitLog	id	text
HabitLog	habit_id	text
HabitLog	date	date
HolisticInsightCache	id	text
HolisticInsightCache	user_id	text
HolisticInsightCache	window_days	integer
HolisticInsightCache	payload	jsonb
HolisticInsightCache	expires_at	timestamp without time zone
ImportIntent	id	uuid
ImportIntent	coach_id	text
ImportIntent	chosen_platform	text
ImportNativeProvenance	id	text
ImportNativeProvenance	coach_id	text
ImportNativeProvenance	source_namespace	text
ImportNativeProvenance	entity_type	text
ImportNativeProvenance	source_id	text
ImportNativeProvenance	native_kind	text
ImportNativeProvenance	outcome	text
InviteCode	id	text
InviteCode	code	text
InviteCode	coach_id	text
Invoice	id	text
Invoice	coach_id	text
Invoice	stripe_invoice_id	text
JobListing	id	text
JobListing	hirer_id	text
JobListing	title	text
JobListing	description	text
JobListing	compensation_type	USER-DEFINED
JobListing	compensation_terms	jsonb
JobListing	updated_at	timestamp without time zone
Lesson	id	text
Lesson	coach_id	text
Lesson	title	text
LessonCompletion	id	text
LessonCompletion	lesson_id	text
LessonCompletion	user_id	text
LoggedFoodEntry	id	text
LoggedFoodEntry	user_id	text
LoggedFoodEntry	date	date
LoggedFoodEntry	meal_type	USER-DEFINED
LoggedFoodEntry	food_item_id	text
MacroTarget	id	text
MacroTarget	client_id	text
MacroTarget	coach_id	text
MacroTarget	calories_kcal	integer
MacroTarget	protein_g	integer
MacroTarget	carbs_g	integer
MacroTarget	fats_g	integer
MarketplaceAbuseSignal	id	text
MarketplaceAbuseSignal	surface	text
MarketplaceAbuseSignal	ip_hash	text
MarketplaceAbuseSignal	identity_hash	text
MarketplaceAbuseSignal	device_hash	text
MarketplaceConnectEvent	stripe_event_id	text
MarketplaceConnectEvent	type	text
MarketplaceConnectEvent	stripe_account_id	text
MarketplaceMutationIdempotency	id	text
MarketplaceMutationIdempotency	user_id	text
MarketplaceMutationIdempotency	route_key	text
MarketplaceMutationIdempotency	idempotency_key	text
MealPlan	id	text
MealPlan	title	text
MealPlan	items	jsonb
MealPlan	updated_at	timestamp without time zone
MealTemplate	id	text
MealTemplate	coach_id	text
MealTemplate	name	text
MealTemplate	calories_kcal	integer
MealTemplate	protein_g	integer
MealTemplate	carbs_g	integer
MealTemplate	fats_g	integer
Message	id	text
Message	sender_id	text
Message	recipient_id	text
Message	body	text
MessageDraft	id	text
MessageDraft	coach_id	text
MessageDraft	client_id	text
MessageDraft	body	text
MessageDraft	updated_at	timestamp without time zone
MessageReport	id	text
MessageReport	reporter_id	text
MessageReport	message_id	text
MessageReport	reason	text
MuxProcessedEvent	mux_event_id	text
MuxProcessedEvent	type	text
Notification	user_id	text
Notification	kind	text
Notification	body	text
NotificationDeliveryLog	id	text
NotificationDeliveryLog	user_id	text
NotificationDeliveryLog	session_id	text
NotificationDeliveryLog	kind	text
NotificationDigestLog	user_id	text
NotificationDigestLog	digest_kind	text
NotificationDigestLog	window_date	text
NotificationPreferences	id	text
NotificationPreferences	user_id	text
NudgeLog	id	text
NudgeLog	user_id	text
NudgeLog	trigger_type	text
NudgeLog	signal_key	text
NudgeLog	status	text
PartialRefundDecision	id	text
PartialRefundDecision	client_purchase_id	text
PartialRefundDecision	stripe_refund_id	text
PaymentFailure	id	text
PaymentFailure	coach_id	text
PaymentRecoveryToken	id	text
PaymentRecoveryToken	dunning_attempt_id	text
PaymentRecoveryToken	jwt_jti	text
PaymentRecoveryToken	expires_at	timestamp without time zone
PaymentReminder	id	text
PaymentReminder	purchase_id	text
PaymentReminder	kind	text
PaymentReminder	channel	text
PaymentReminder	recipient_user_id	text
PaymentReminder	window_key	text
PayoutMethod	id	text
PayoutMethod	coach_id	text
PayoutMethod	kind	USER-DEFINED
PayoutSnapshot	id	text
PayoutSnapshot	coach_user_id	text
PayoutSnapshot	stripe_account_id	text
PayoutSnapshot	updated_at	timestamp without time zone
Person	id	text
Person	coach_id	text
Person	source_platform	text
Person	source_person_id	text
PtmPrediction	id	text
PtmPrediction	user_id	text
PtmPrediction	risk_score	double precision
PtmPrediction	success_score	double precision
PtmPrediction	prediction_basis	USER-DEFINED
PurchaseFanout	id	text
PurchaseFanout	purchase_id	text
PurchaseFanout	entrypoint	text
ReconciliationSnapshot	id	text
ReconciliationSnapshot	purchase_id	text
ReconciliationSnapshot	updated_at	timestamp without time zone
RomanMessage	id	text
RomanMessage	session_id	text
RomanMessage	user_id	text
RomanMessage	role	USER-DEFINED
RomanMessage	content	text
RomanSession	id	text
RomanSession	user_id	text
RomanSession	surface	USER-DEFINED
RomanSession	day_key	text
RomanSession	updated_at	timestamp without time zone
RoutineExercise	id	text
RoutineExercise	routine_id	text
RoutineExercise	exercise_name	text
RoutineExercise	muscle_group	USER-DEFINED
RoutineExercise	default_sets	integer
RoutineExercise	default_reps	integer
RoutineExercise	order_index	integer
ScheduledDrop	id	text
ScheduledDrop	client_purchase_id	text
ScheduledDrop	content_id	text
ScheduledDrop	asset_type	text
ScheduledDrop	asset_id	text
ScheduledDrop	cadence_kind	text
ScheduledDrop	cadence_payload	jsonb
ScheduledDrop	updated_at	timestamp without time zone
ScoutImport	id	text
ScoutImport	coach_id	text
ScoutImport	intent_id	text
ScoutImportCompletion	id	text
ScoutImportCompletion	coach_id	text
ScoutImportCompletion	intent_id	text
ScoutImportCompletion	terminal_status	text
ScoutIngestEntity	id	text
ScoutIngestEntity	coach_id	text
ScoutIngestEntity	intent_id	text
ScoutIngestEntity	entity_type	text
ScoutIngestEntity	source_id	text
ScoutIngestEntity	source_platform	text
ScoutIngestEntity	payload	jsonb
ScoutProgressSnapshot	id	text
ScoutProgressSnapshot	coach_id	text
ScoutProgressSnapshot	intent_id	text
ScoutProgressSnapshot	device_id	text
ScoutProgressSnapshot	snapshot	jsonb
ScoutReconstructedEntity	id	text
ScoutReconstructedEntity	coach_id	text
ScoutReconstructedEntity	source_platform	text
ScoutReconstructedEntity	entity_type	text
ScoutReconstructedEntity	source_id	text
ScoutReconstructionLedger	id	text
ScoutReconstructionLedger	coach_id	text
ScoutReconstructionLedger	intent_id	text
ScoutReconstructionLedger	entity_type	text
ScoutReconstructionLedger	source_id	text
ScoutReconstructionLedger	status	text
ScoutReconstructionLedger	source_platform	text
SessionParticipant	id	text
SessionParticipant	session_id	text
SessionParticipant	user_id	text
SessionParticipant	role	USER-DEFINED
SessionType	id	text
SessionType	coach_id	text
SessionType	name	text
SplitLedgerEntry	id	text
SplitLedgerEntry	purchase_id	text
SplitLedgerEntry	kind	text
SplitLedgerEntry	amount_cents	integer
SplitLedgerEntry	updated_at	timestamp without time zone
StripeProcessedEvent	stripe_event_id	text
StripeProcessedEvent	type	text
SubCoachAssignment	id	text
SubCoachAssignment	head_coach_id	text
SubCoachAssignment	sub_coach_id	text
SubCoachAssignment	client_id	text
SubCoachInvite	id	text
SubCoachInvite	head_coach_id	text
SubCoachInvite	email	text
SubCoachInvite	expires_at	timestamp without time zone
SubCoachInvite	updated_at	timestamp without time zone
SubCoachMutationIdempotency	id	text
SubCoachMutationIdempotency	actor_id	text
SubCoachMutationIdempotency	idempotency_key	text
SubCoachMutationIdempotency	action	text
SubCoachMutationIdempotency	response	jsonb
TeamAuditEvent	id	text
TeamAuditEvent	head_coach_id	text
TeamAuditEvent	actor_user_id	text
TeamAuditEvent	event_kind	USER-DEFINED
TeamAuditEvent	summary	text
TeamProfile	id	text
TeamProfile	head_coach_id	text
TeamProfile	business_name	text
TeamProfile	team_code	text
TeamProfile	updated_at	timestamp without time zone
TeamSubCoachAssignment	id	text
TeamSubCoachAssignment	head_coach_id	text
TeamSubCoachAssignment	sub_coach_id	text
User	id	text
User	supabase_id	text
User	email	text
User	name	text
UserAIQuota	id	text
UserAIQuota	user_id	text
UserAIQuota	quota_date	date
UserAIQuota	updated_at	timestamp without time zone
UserBlock	id	text
UserBlock	blocker_id	text
UserBlock	blocked_id	text
UserProfile	id	text
UserProfile	user_id	text
UserProfile	updated_at	timestamp without time zone
WearableConnection	id	text
WearableConnection	user_id	text
WearableConnection	provider	USER-DEFINED
WearableInsightCache	id	text
WearableInsightCache	user_id	text
WearableInsightCache	side	text
WearableInsightCache	bucket	USER-DEFINED
WearableInsightCache	window_days	integer
WearableInsightCache	payload	jsonb
WearableInsightCache	model_used	text
WearableInsightCache	prompt_version	text
WearableInsightCache	expires_at	timestamp without time zone
WearableMetricDef	metric	USER-DEFINED
WearableMetricDef	bucket	USER-DEFINED
WearableMetricDef	unit	text
WearableMetricDef	display_name	text
WearableMetricDef	aggregation	text
WearableProcessedEvent	provider	USER-DEFINED
WearableProcessedEvent	provider_event_id	text
WearableProcessedEvent	type	text
WearableSample	id	text
WearableSample	user_id	text
WearableSample	connection_id	text
WearableSample	provider	USER-DEFINED
WearableSample	metric	USER-DEFINED
WearableSample	bucket	USER-DEFINED
WearableSample	value	double precision
WearableSample	unit	text
WearableSample	start_at	timestamp without time zone
WearableSample	end_at	timestamp without time zone
WearableSample	dedup_key	text
WearableUserMetricPreference	id	text
WearableUserMetricPreference	user_id	text
WearableUserMetricPreference	metric	USER-DEFINED
WearableUserMetricPreference	preferred_provider	USER-DEFINED
WeightLog	id	text
WeightLog	user_id	text
WeightLog	date	date
WeightLog	weight_lbs	double precision
WorkoutBuilderIdempotencyKey	id	text
WorkoutBuilderIdempotencyKey	user_id	text
WorkoutBuilderIdempotencyKey	route_key	text
WorkoutBuilderIdempotencyKey	idempotency_key	text
WorkoutPlan	id	text
WorkoutPlan	coach_id	text
WorkoutPlan	name	text
WorkoutPlan	type	USER-DEFINED
WorkoutPlan	updated_at	timestamp without time zone
WorkoutPlanExercise	id	text
WorkoutPlanExercise	workout_plan_id	text
WorkoutPlanExercise	exercise_external_id	text
WorkoutPlanExercise	order	integer
WorkoutPlanExercise	sets	integer
WorkoutPlanExercise	reps_or_duration_seconds	integer
WorkoutPlanRevision	id	text
WorkoutPlanRevision	workout_plan_id	text
WorkoutPlanRevision	revision_index	integer
WorkoutPlanRevision	exercises_json	jsonb
WorkoutPlanRevision	plan_meta_json	jsonb
WorkoutPlanRevision	author_id	text
WorkoutPlanRevision	author_kind	text
WorkoutPlanRevision	cause	text
WorkoutProgram	id	text
WorkoutProgram	coach_id	text
WorkoutProgram	owner_user_id	text
WorkoutProgram	name	text
WorkoutProgram	weeks	integer
WorkoutProgram	days_per_week	integer
WorkoutProgram	updated_at	timestamp without time zone
WorkoutProgramRevision	id	text
WorkoutProgramRevision	program_id	text
WorkoutProgramRevision	revision_index	integer
WorkoutProgramRevision	structure_json	jsonb
WorkoutProgramRevision	author_id	text
WorkoutProgramRevision	author_kind	text
WorkoutProgramRevision	cause	text
WorkoutRoutine	id	text
WorkoutRoutine	creator_id	text
WorkoutRoutine	name	text
WorkoutSession	id	text
WorkoutSession	user_id	text
WorkoutSession	date	date
WorkoutSession	workout_name	text
WorkoutSession	workout_type	text
_prisma_migrations	id	character varying
_prisma_migrations	checksum	character varying
_prisma_migrations	migration_name	character varying
coach_first_payment_notification	id	text
coach_first_payment_notification	coachId	text
coach_first_payment_notification	amount	integer
coach_first_payment_notification	currency	text
coach_first_payment_notification	clientId	text
coach_ltv_peak	id	text
coach_ltv_peak	coach_id	text
coach_ltv_peak	updated_at	timestamp without time zone
community_challenge_participations	id	uuid
community_challenge_participations	workspace_id	uuid
community_challenge_participations	challenge_id	uuid
community_challenge_participations	user_id	text
community_challenge_participations	updated_at	timestamp with time zone
community_challenges	id	uuid
community_challenges	workspace_id	uuid
community_challenges	created_by_id	text
community_challenges	title	character varying
community_challenges	updated_at	timestamp with time zone
community_classroom_media_assets	id	uuid
community_classroom_media_assets	post_id	uuid
community_classroom_media_assets	workspace_id	uuid
community_classroom_media_assets	kind	character varying
community_classroom_media_assets	storage_key	text
community_classroom_posts	id	uuid
community_classroom_posts	workspace_id	uuid
community_classroom_posts	coach_id	text
community_classroom_posts	title	character varying
community_classroom_posts	body_markdown	text
community_classroom_posts	updated_at	timestamp with time zone
community_cohorts	id	uuid
community_cohorts	workspace_id	uuid
community_cohorts	name	character varying
community_cohorts	updated_at	timestamp with time zone
community_event_rsvps	id	uuid
community_event_rsvps	workspace_id	uuid
community_event_rsvps	event_id	uuid
community_event_rsvps	user_id	text
community_event_rsvps	status	USER-DEFINED
community_event_rsvps	updated_at	timestamp with time zone
community_events	id	uuid
community_events	workspace_id	uuid
community_events	created_by_id	text
community_events	title	character varying
community_events	starts_at	timestamp with time zone
community_events	updated_at	timestamp with time zone
community_memberships	id	uuid
community_memberships	workspace_id	uuid
community_memberships	cohort_id	uuid
community_memberships	user_id	text
community_memberships	updated_at	timestamp with time zone
community_messages	workspace_id	uuid
community_messages	scope	USER-DEFINED
community_messages	sender_id	text
community_messages	updated_at	timestamp with time zone
community_messages_2026_12	workspace_id	uuid
community_messages_2026_12	scope	USER-DEFINED
community_messages_2026_12	sender_id	text
community_messages_2026_12	updated_at	timestamp with time zone
community_messages_2027_01	workspace_id	uuid
community_messages_2027_01	scope	USER-DEFINED
community_messages_2027_01	sender_id	text
community_messages_2027_01	updated_at	timestamp with time zone
community_messages_2027_02	workspace_id	uuid
community_messages_2027_02	scope	USER-DEFINED
community_messages_2027_02	sender_id	text
community_messages_2027_02	updated_at	timestamp with time zone
community_messages_default	workspace_id	uuid
community_messages_default	scope	USER-DEFINED
community_messages_default	sender_id	text
community_messages_default	updated_at	timestamp with time zone
community_moderation_actions	id	uuid
community_moderation_actions	workspace_id	uuid
community_moderation_actions	target_type	USER-DEFINED
community_moderation_actions	target_id	uuid
community_moderation_actions	reason	character varying
community_posts	id	uuid
community_posts	workspace_id	uuid
community_posts	author_id	text
community_posts	scope	USER-DEFINED
community_posts	updated_at	timestamp with time zone
community_responses	id	uuid
community_responses	workspace_id	uuid
community_responses	target_type	USER-DEFINED
community_responses	target_id	uuid
community_responses	user_id	text
community_responses	response_kind	character varying
community_search_entries	id	text
community_search_entries	workspaceId	uuid
community_search_entries	kind	USER-DEFINED
community_search_entries	targetId	uuid
community_search_entries	excerpt	text
community_voice_notes	id	uuid
community_voice_notes	workspace_id	uuid
community_voice_notes	author_id	text
community_voice_notes	storage_key	text
community_voice_notes	duration_ms	integer
community_voice_notes	bytes	bigint
community_voice_notes	mime_type	character varying
community_wearable_prompt_sources	promptId	uuid
community_wearable_prompt_sources	sampleId	text
community_wearable_prompt_sources	metricKey	character varying
community_wearable_prompt_sources	observedValue	numeric
community_wearable_prompts	workspaceId	uuid
community_wearable_prompts	coachId	text
community_wearable_prompts	clientId	text
community_wearable_prompts	metricKey	character varying
community_wearable_prompts	promptText	text
community_workspaces	id	uuid
community_workspaces	coach_id	text
community_workspaces	name	character varying
community_workspaces	slug	character varying
community_workspaces	updated_at	timestamp with time zone
data_export_request	id	text
data_export_request	user_id	text
deletion_audit	id	text
deletion_audit	user_id	text
deletion_audit	event	text
recent_auth_nonce	id	text
recent_auth_nonce	hmac_suffix	text
recent_auth_nonce	user_id	text
recent_auth_nonce	expires_at	timestamp with time zone
secret_rotation_log	id	text
secret_rotation_log	secret_name	text
water_logs	id	text
water_logs	user_id	text
water_logs	amount_ml	integer
