36171957169	SBOM (CycloneDX)	pull_request	in_progress	-	integration/importer	2026-09-25T18:12:37Z	2026-09-25T18:12:41Z	#530->main
36171957118	H4 deploy readiness	pull_request	in_progress	-	integration/importer	2026-09-25T18:12:36Z	2026-09-25T18:12:41Z	#530->main
36171957102	R100 Quality Gate	pull_request	completed	success	integration/importer	2026-09-25T18:12:36Z	2026-09-25T18:12:55Z	#530->main
36171957087	Infra Lint	pull_request	in_progress	-	integration/importer	2026-09-25T18:12:36Z	2026-09-25T18:12:41Z	#530->main
36171957112	CI	pull_request	in_progress	-	integration/importer	2026-09-25T18:12:36Z	2026-09-25T18:12:41Z	#530->main
36171957130	Migration Dry-Run	pull_request	in_progress	-	integration/importer	2026-09-25T18:12:36Z	2026-09-25T18:12:42Z	#530->main
36171957123	Danger	pull_request	in_progress	-	integration/importer	2026-09-25T18:12:36Z	2026-09-25T18:12:41Z	#530->main
36171957145	codeql	pull_request	in_progress	-	integration/importer	2026-09-25T18:12:36Z	2026-09-25T18:12:41Z	#530->main
36171957093	pr-size-labeler	pull_request	completed	success	integration/importer	2026-09-25T18:12:36Z	2026-09-25T18:12:44Z	#530->main
36171957078	Dependency Audit	pull_request	completed	success	integration/importer	2026-09-25T18:12:36Z	2026-09-25T18:12:54Z	#530->main
36171294432	pr-size-labeler	pull_request	completed	success	land/s8-c	2026-09-25T18:06:16Z	2026-09-25T18:06:25Z	
36171294500	Dependency Audit	pull_request	completed	success	land/s8-c	2026-09-25T18:06:16Z	2026-09-25T18:06:32Z	
36171294481	H4 deploy readiness	pull_request	completed	success	land/s8-c	2026-09-25T18:06:16Z	2026-09-25T18:07:28Z	
36171294398	CI	pull_request	completed	success	land/s8-c	2026-09-25T18:06:16Z	2026-09-25T18:12:06Z	
